	{

		"metadata": {
			"formatVersion" : 3.1,
			"generatedBy"   : "Blender 2.7 Exporter",
			"vertices"      : 4,
			"faces"         : 1,
			"normals"       : 1,
			"colors"        : 0,
			"uvs"           : [4],
			"materials"     : 1,
			"morphTargets"  : 0,
			"bones"         : 0
		},

			"scale" : 1.000000,
			
			"vertices" : [2.03563e-07,-3.41522,3.41522,-2.03563e-07,3.41522,3.41522,2.03563e-07,-3.41522,-3.41522,-2.03563e-07,3.41522,-3.41522],
			"faces"    : [43,1,0,2,3,0,0,1,2,3,0,0,0,0],
			"uvs"      : [[0.0001,0.0001,0.9999,0.0001,0.9999,0.9999,0.0001,0.9999]],
			"normals"  : [1,0,0],
			
			"skinIndices"  : [],
			"skinWeights"  : [],
			"morphTargets" : [],
			
			"bones"      : [],
			"animations" : [],
			
			"colors"    : [],
			"materials" : [
				{
					"DbgColor": 15658734,
					"DbgIndex": 0,
					"DbgName": "nebu-red",
					"blending": "NormalBlending",
					"colorAmbient": [0.6400000190734865, 0.6400000190734865, 0.6400000190734865],
					"colorDiffuse": [0.6400000190734865, 0.6400000190734865, 0.6400000190734865],
					"colorEmissive": [0.0, 0.0, 0.0],
					"colorSpecular": [0.5, 0.5, 0.5],
					"depthTest": true,
					"depthWrite": true,
					"mapDiffuseWrap": ["repeat", "repeat"],
					"shading": "Lambert",
					"specularCoef": 50,
					"transparency": 1.0,
					"transparent": false,
					"vertexColors": false
				}
			]


	}
