	{

		"metadata": {
			"formatVersion" : 3.1,
			"generatedBy"   : "Blender 2.7 Exporter",
			"vertices"      : 8,
			"faces"         : 6,
			"normals"       : 8,
			"colors"        : 0,
			"uvs"           : [8],
			"materials"     : 1,
			"morphTargets"  : 0,
			"bones"         : 0
		},

			"scale" : 1.000000,
			
			"vertices" : [2.03563e-07,-3.41522,3.41522,-2.03563e-07,3.41522,3.41522,2.03563e-07,-3.41522,-3.41522,-2.03563e-07,3.41522,-3.41522,-0.141649,-3.41522,3.41522,-0.14165,3.41522,3.41522,-0.141649,-3.41522,-3.41522,-0.14165,3.41522,-3.41522],
			"faces"    : [43,1,0,2,3,0,0,1,2,3,0,1,2,3,43,5,7,6,4,0,4,5,6,7,4,5,6,7,43,0,4,6,2,0,1,1,2,2,1,7,6,2,43,3,7,5,1,0,3,3,0,0,3,5,4,0,43,2,6,7,3,0,2,2,3,3,2,6,5,3,43,4,0,1,5,0,1,1,0,0,7,1,0,4],
			"uvs"      : [[0.0001,0.0001,0.9999,0.0001,0.9999,0.9999,0.0001,0.9999,0.030312,8.7e-05,0.990575,8.7e-05,0.990575,0.999913,0.030312,0.999913]],
			"normals"  : [0.577349,0.577349,0.577349,0.577349,-0.577349,0.577349,0.577349,-0.577349,-0.577349,0.577349,0.577349,-0.577349,-0.577349,0.577349,0.577349,-0.577349,0.577349,-0.577349,-0.577349,-0.577349,-0.577349,-0.577349,-0.577349,0.577349],
			
			"skinIndices"  : [],
			"skinWeights"  : [],
			"morphTargets" : [],
			
			"bones"      : [],
			"animations" : [],
			
			"colors"    : [],
			"materials" : [
				{
					"DbgColor": 15658734,
					"DbgIndex": 0,
					"DbgName": "nebu-red",
					"blending": "NormalBlending",
					"colorDiffuse": [0.6400000190734865, 0.6400000190734865, 0.6400000190734865],
					"colorEmissive": [0.0, 0.0, 0.0],
					"colorSpecular": [0.5, 0.5, 0.5],
					"depthTest": true,
					"depthWrite": true,
					"mapDiffuseWrap": ["repeat", "repeat"],
					"shading": "Lambert",
					"specularCoef": 50,
					"opacity": 1.0,
					"transparent": false,
					"vertexColors": false
				}
			]


	}
